patient_hash,audio_type,collection_site,collection_date,age,gender,education,smoker_status,study_type,saturation,other_comorbidities,audio_path
PTT-20200511-WA0007,unknown,local,2020-05-11 00:00:00,0,Unknown,Unknown,Unknown,Caso,94.00, ,patients/PTT-20200511-WA0007.wav
PTT-20200511-WA0010,unknown,local,2020-05-11 00:00:00,0,Unknown,Unknown,Unknown,Caso,94.00, ,patients/PTT-20200511-WA0010.wav
PTT-20200511-WA0012,unknown,local,2020-05-11 00:00:00,0,Unknown,Unknown,Unknown,Caso,94.00, ,patients/PTT-20200511-WA0012.wav
PTT-20200511-WA0014,unknown,local,2020-05-11 00:00:00,0,Unknown,Unknown,Unknown,Caso,94.00, ,patients/PTT-20200511-WA0014.wav
PTT-20200511-WA0016,unknown,local,2020-05-11 00:00:00,0,Unknown,Unknown,Unknown,Caso,94.00, ,patients/PTT-20200511-WA0016.wav
PTT-20200511-WA0018,unknown,local,2020-05-11 00:00:00,0,Unknown,Unknown,Unknown,Caso,94.00, ,patients/PTT-20200511-WA0018.wav
PTT-20200511-WA0020,unknown,local,2020-05-11 00:00:00,0,Unknown,Unknown,Unknown,Caso,94.00, ,patients/PTT-20200511-WA0020.wav
PTT-20200513-WA0003,unknown,local,2020-05-13 00:00:00,0,Unknown,Unknown,Unknown,Caso,94.00, ,patients/PTT-20200513-WA0003.wav
PTT-20200513-WA0007,unknown,local,2020-05-13 00:00:00,0,Unknown,Unknown,Unknown,Caso,94.00, ,patients/PTT-20200513-WA0007.wav
002d9c86-4162-445c-8ab0-791c978ed518,unknown,local,2020-05-11 00:00:00,0,Unknown,Unknown,Unknown,Controle,98.00, ,controls/002d9c86-4162-445c-8ab0-791c978ed518_1.wav
00b2855f-6dc6-4c62-94cc-d9ee849e2d0e,unknown,local,2020-05-11 00:00:00,0,Unknown,Unknown,Unknown,Controle,98.00, ,controls/00b2855f-6dc6-4c62-94cc-d9ee849e2d0e_1.wav
0a2d6271-846b-4157-a784-b5fa2d93d2f9,unknown,local,2020-05-11 00:00:00,0,Unknown,Unknown,Unknown,Controle,98.00, ,controls/0a2d6271-846b-4157-a784-b5fa2d93d2f9_1.wav
0a4748bc-fd9a-426f-96c1-d494d5354875,unknown,local,2020-05-11 00:00:00,0,Unknown,Unknown,Unknown,Controle,98.00, ,controls/0a4748bc-fd9a-426f-96c1-d494d5354875_1.wav
0b1c6168-c56c-4ecf-926c-a670b8521e8c,unknown,local,2020-05-11 00:00:00,0,Unknown,Unknown,Unknown,Controle,98.00, ,controls/0b1c6168-c56c-4ecf-926c-a670b8521e8c_1.wav
0b1d3795-aec5-4888-9106-4bd26b31e2e9,unknown,local,2020-05-11 00:00:00,0,Unknown,Unknown,Unknown,Controle,98.00, ,controls/0b1d3795-aec5-4888-9106-4bd26b31e2e9_1.wav
0b810796-19a0-4fe8-a428-ec54ef72acec,unknown,local,2020-05-11 00:00:00,0,Unknown,Unknown,Unknown,Controle,98.00, ,controls/0b810796-19a0-4fe8-a428-ec54ef72acec_1.wav
0d393c4d-5aa6-40d9-af10-eedb85d7fbb7,unknown,local,2020-05-11 00:00:00,0,Unknown,Unknown,Unknown,Controle,98.00, ,controls/0d393c4d-5aa6-40d9-af10-eedb85d7fbb7_1.wav
0da8daa5-80ad-4787-881e-f8dfb071377b,unknown,local,2020-05-11 00:00:00,0,Unknown,Unknown,Unknown,Controle,98.00, ,controls/0da8daa5-80ad-4787-881e-f8dfb071377b_1.wav
0ea11006-e05a-4671-8b3b-37167cd9f219,unknown,local,2020-05-11 00:00:00,0,Unknown,Unknown,Unknown,Controle,98.00, ,controls/0ea11006-e05a-4671-8b3b-37167cd9f219_1.wav
DraKaremRuidoWhatsAppPtt2020-06-06at20.54.45,unknown,local,2020-06-06 00:00:00,0,Unknown,Unknown,Unknown,Controle,98.00, ,noises/DraKaremRuidoWhatsAppPtt2020-06-06at20.54.45.wav
DraKaremRuidoWhatsAppPtt2020-06-07at04.15.01,unknown,local,2020-06-07 00:00:00,0,Unknown,Unknown,Unknown,Controle,98.00, ,noises/DraKaremRuidoWhatsAppPtt2020-06-07at04.15.01.wav
DraKarenRuidoWhatsAppPtt2020-06-06at23.17.02,unknown,local,2020-06-06 00:00:00,0,Unknown,Unknown,Unknown,Controle,98.00, ,noises/DraKarenRuidoWhatsAppPtt2020-06-06at23.17.02.wav
DraKarenRuidoWhatsAppPtt2020-06-07at06.45.26,unknown,local,2020-06-07 00:00:00,0,Unknown,Unknown,Unknown,Controle,98.00, ,noises/DraKarenRuidoWhatsAppPtt2020-06-07at06.45.26.wav
DraKarenRuidoWhatsAppPtt2020-06-07at16.12.24,unknown,local,2020-06-07 00:00:00,0,Unknown,Unknown,Unknown,Controle,98.00, ,noises/DraKarenRuidoWhatsAppPtt2020-06-07at16.12.24.wav
DraMarianaCalazansRuidoWhatsAppPtt2020-06-06at13.57.14,unknown,local,2020-06-06 00:00:00,0,Unknown,Unknown,Unknown,Controle,98.00, ,noises/DraMarianaCalazansRuídoWhatsAppPtt2020-06-06at13.57.14.wav
DraMarianaRuidoWhatsAppPtt2020-06-08at10.19.14,unknown,local,2020-06-08 00:00:00,0,Unknown,Unknown,Unknown,Controle,98.00, ,noises/DraMarianaRuidoWhatsAppPtt2020-06-08at10.19.14.wav
DraMarianaRuidoWhatsAppPtt2020-06-11at13.47.11,unknown,local,2020-06-11 00:00:00,0,Unknown,Unknown,Unknown,Controle,98.00, ,noises/DraMarianaRuidoWhatsAppPtt2020-06-11at13.47.11.wav
DraMarianaRuidoWhatsAppPtt2020-06-13at14.00.34,unknown,local,2020-06-13 00:00:00,0,Unknown,Unknown,Unknown,Controle,98.00, ,noises/DraMarianaRuidoWhatsAppPtt2020-06-13at14.00.34.wav
